1.21828332467455,0.340946095083652
0.0573971214069293,0.570610798722389
3.30952999035528,-14.034344825684
1.87891232168836,-9.63003309295656
1.59877938585542,-4.55349352969996
-0.0262261488502765,-0.550469175397699
0.0535485304438934,4.14855217330183
0.31885165399748,1.36084211198062
3.17836144147222,-16.477357121548
-0.789105791558086,2.18143444362933
-0.168314071199181,2.88508528961528
2.26031920264537,-9.10997951211384
-0.230490027886561,0.228983221900914
3.95591691765127,5.91067893965643
2.59727559389508,-14.0134712390353
-0.627431992074346,4.10815638406044
1.80117135537408,-5.21601637352257
0.862786612244196,-0.282374554985813
3.05645033131637,-16.4926447240288
0.526078691906175,-0.274514052714758
3.89693155346772,1.78200896460881
2.35861277822877,-11.5069006262504
3.49433697990558,-9.33817870208447
0.833867850517358,1.7028957931269
-0.59733101700629,-2.04662019615682
2.49653084805474,-14.6988057160511
0.285233908627065,3.72071017811638
2.82344108307361,-15.0979777623663
2.84332251155449,-14.1465502190225
-0.567914980019991,-1.19491562151054
3.56354669843771,-11.5278132922408
-0.568635307407446,1.79313724666112
0.251090459933406,-2.07928960190288
0.13878037042835,0.171176681606042
0.719268031703737,0.711782146773197
-0.684960220241952,3.24540785988717
1.92464190958914,-11.0015930209454
0.992304825521129,0.602397435435283
-0.399646079219452,0.96226364251032
2.29921247370031,-12.7495897508826
2.35505661415193,-15.0123410467687
1.13367993637115,-3.48238869792038
0.385592133242981,-0.246058028907222
2.4135789764528,-13.2469538952467
-0.720396514906761,2.35237697168219
0.442215632305554,0.351049015314295
3.23731491560916,-17.8447247512141
1.64534976992563,-6.00559079647762
3.42996449353947,-14.4534794622944
2.31191418290632,-12.2313255818195
0.774140099677794,0.22145875838425
3.57647109712847,-8.80983520147654
2.2569161782722,-10.4423155029986
3.11259352196881,-15.8180349613014
0.822556882883262,-3.78656890868135
1.3133115416513,-2.84999965368916
2.35766299604864,-11.6615390306604
1.21033952886019,-3.73724261448787
-0.359836996901613,5.41823870584684
0.212960598413304,2.22156200227629
0.387446298415005,-1.46165087112372
0.331683288516663,-0.118748363199007
2.34107913105377,-12.6900769918746
-0.601601514926812,2.55339546366105
0.563171028988021,-0.852541805788016
0.931430252281769,-2.6428657491768
2.40869559885258,-14.0075273552534
0.291585773022068,0.919463372012911
0.572183611419751,-1.03919059795352
3.42274211825037,-15.8924455420192
2.50776456584791,-11.8408348484733
2.63922881857086,-13.3881732441587
3.37571621320313,-15.7330272213489
2.94337028723665,-17.1618997238483
3.41383798243405,-10.337791884873
-0.0762793644314027,0.749679827199633
0.536834771432141,0.670874743476031
3.43805641577086,-13.2124884430947
-0.930518331940982,3.71182974389698
1.12474849534136,-1.93452522479874
0.297736407638426,2.77016215257018
1.44369001373234,-0.219444180701199
-0.182856797988874,4.504566887642
1.42318641181543,-4.59912984625175
1.01989285213612,1.12903258218575
1.42205432362916,-1.30944174135923
2.61776576767928,-13.8935605308884
1.55420889795394,-2.59079961597605
-0.828642320442307,1.14404925380449
2.20882008318432,-14.4539396945209
1.44588708924459,-1.49302318068732
3.05105220303354,-17.5975663696317
-0.307863680268755,1.62758169812985
-0.00981345549644375,-0.692899239741605
3.45537824736545,-10.4341329124852
0.29934492812716,4.27979457804084
2.52071292638205,-13.6034379262027
3.1721501615417,-17.5333004609218
2.83567478138077,-13.9722783987075
2.84651314816975,-14.9588529704687
0.796069592403551,-2.17147236882376
1.11791805302074,-2.13553271880784
3.0157450658546,-18.883820692557
0.257166794786337,1.7081180542724
2.87528447957049,-11.1442739692935
1.35856923740168,-7.32155851014621
-0.739379493360746,2.33169194882642
2.68743289172793,-15.9539624437339
1.97089617195706,-5.96504140437389
2.6646188668197,-17.1268099357716
3.55278988399721,-13.1633170334849
0.0186662108553217,4.02997030810187
2.37270177691141,-13.8374093355117
0.736870648679533,-1.14901206809419
-0.724560175646656,3.05676537498443
3.21965948417983,-14.9902912518691
0.998863604018559,-3.20460964714636
1.42687065073477,-2.57552944997433
0.860976639278434,-1.1161641277671
-0.887802833269029,2.53475433092559
2.84500501181111,-17.3828172603732
0.112910121017201,2.16879483234438
2.52445069970497,-12.3036679570489
-0.645322771713423,4.60279344691874
2.74594713006279,-16.2345462980432
1.62662004828608,-3.0950294342912
-0.76388699640063,4.18602385545207
1.31503738710576,-1.28880301804591
1.59486170578724,-4.86693271210793
2.22156904731764,-11.5144192312051
3.44212465080652,-10.7361959707263
0.174583214930593,4.62354986501363
-0.714467976288124,3.4726145443025
0.0766023849284989,-0.0420821963478187
-0.274241236835881,5.20530104155247
1.2599028302994,-4.90042552604212
-0.0656053030544576,1.36074392915921
0.0792872105821572,0.453559689707827
0.291758328857443,-1.41202475005981
3.11951463070061,-16.8097534288851
1.64558848321776,-7.06431535650976
3.66909201889987,-7.70844501587357
2.96086168428695,-18.895818418461
0.252838518208755,-1.66185272357336
1.83046618117734,-8.26193988866412
2.70181703755061,-15.7475699547743
0.837659399095275,-0.0160224867434
0.690222968373835,-0.113315064557384
3.93413214036436,7.4515172764643
0.574952892577103,-0.85129758066473
0.458892533354025,1.46249777672845
0.197049366541303,-3.15129974722156
0.0769488584981002,-0.244726492082692
1.43347674662621,-8.26095957495188
1.36599979904568,-5.85456675401986
-0.472465682910444,0.504206098051057
1.91758756669115,-9.28212880430286
1.70921442237278,-6.58857538849979
3.84953808566094,-2.44797264456947
1.1928227044678,-3.82572319537105
3.72108171241859,-2.56081965235123
1.16478156678299,-3.06610838898761
3.68093764265274,-6.67376371865811
0.896243580339254,0.327672295108892
0.272058733915819,3.20028035334174
2.82988204468304,-17.6528774478736
0.82606546980311,-4.43432423030224
0.542469313223453,-1.07139224052314
-0.253235750999688,3.30286929902442
2.94136739986832,-16.1171134191732
1.86224179494386,-5.07864570169093
-0.528694082597304,3.02916882172852
2.10043855926625,-9.19863877407014
2.3427647426629,-14.5164916404116
2.73298825052659,-15.2927599389059
0.773423705209615,-0.935084545641433
3.82295104440939,-1.60206401715109
2.98702655123949,-17.3352879742112
3.51853038124394,-11.3459197357411
2.41204128958401,-13.0131216762784
-0.795546202446367,4.84449369234042
0.276891711576263,-0.302906427476609
3.0241942643194,-16.9080393601981
3.76977039220718,-2.42522940936016
-0.0301621767179824,2.80350226027812
1.18531108289608,-0.696092748179067
2.79007693142779,-15.9443771843916
3.75852314171051,-5.03377281482621
0.508934150224321,-2.14572036903279
2.32906009441067,-12.5596645161276
2.30894450943089,-11.502036928555
0.465154870781347,3.24588121775492
0.0979797014610133,0.807071077958756
2.27594202248139,-12.5209197034046
1.74035093556233,-7.98614032062686
-0.700413199380444,4.66885275295972
3.21940626333037,-15.309508588309
2.96801231914851,-14.9209700479427
2.534932476053,-12.0708871671927
1.39287231149226,-3.45776375728274
-0.911677501060793,2.72192376735744
0.482194362386959,-1.33814915353858
0.865789507802069,-1.90878917300515
3.37758030533149,-15.5727344821809
-0.0225039001866253,-0.021712781180637
1.88233914779984,-7.52412122549496
2.92857033495139,-16.1540584475119
2.20902749621913,-8.65381592683786
-0.515349641555574,0.947605875024365
0.693013153399386,0.267292076023837
3.8678919571943,1.9799240804397
-0.343993305301862,-0.826458138451399
-0.877874815892148,3.92088712190015
-0.44955045817407,5.05815529049182
1.94066616200984,-9.69954644007
-0.478575708957366,-0.101538996235549
-0.849237751203013,2.60784726603042
3.20575194106289,-18.0996241704879
-0.0647667766471668,2.99069144557647
2.94749843772192,-16.4337446432096
-0.741838122944541,3.74368850720096
0.773440255127098,-2.62563081705711
-0.425401912823862,0.928206696149463
-0.469606458402892,3.0421146108362
-0.179846102829308,1.90165954427971
3.71620394144733,-6.22798947749492
2.24171354228902,-8.16698016235683
0.0297676171437675,3.34569938933055
3.60312762181651,-8.01687031820843
0.0298557492075595,2.77436563084636
3.10715512012169,-17.4306299666412
-0.207495992242219,3.45961980237272
2.88641283659206,-16.5711953611231
0.80623387141245,0.00711845870037286
0.229728093872134,0.745567928751597
0.110760269832511,-0.820596175974068
-0.472760947777142,-0.177866748369478
3.18954872902224,-15.4746431943823
-0.648205964803616,1.92731255345644
1.08538129790824,-1.50019920741716
1.0311380716907,0.0147580014777884
-0.287580490266654,0.443110435921301
1.79773833506123,-9.77348218649405
-0.551485642892903,1.56760484028251
1.77155898531681,-7.1548797232503
1.53832365170426,-2.80611705242217
-0.0464160141109234,-3.89877321648305
2.72453293855107,-15.9045374993658
1.67672629173684,-4.84257144909776
0.691877215572966,-2.53671925489544
3.91150405495208,4.24988866116863
2.09958855318982,-11.7694337547183
-0.957168724586921,6.83706176379548
2.71176573722401,-16.0822165942658
1.25927995292946,-3.42669170293412
2.84262558043613,-12.5922241033902
3.32175261944806,-14.2529525280994
2.63906700382862,-15.6688313169633
1.69897807721988,-7.55592432317137
2.69759460845906,-11.3036130552547
2.38927404415893,-13.5841190138844
1.63234720725602,-8.05317927562208
2.54733218265251,-17.972659031335
0.839061598206433,-0.201238709093659
2.0741409907992,-7.82526918939643
1.11412298514527,-0.509572681429985
3.25206851960988,-13.8423428020877
-0.0145003178419819,0.543848526591826
3.75430112238952,-4.47713146085087
0.930180270452186,1.48988617925676
-0.155551983365703,-2.16842909193476
-0.617247519869151,1.17355616741939
-0.525874953884784,3.09527531452061
0.821424476876383,1.7429165335066
1.76157133011578,-7.57754965485698
-0.968213909633228,3.52670687951364
2.25283881779377,-9.56523688502611
0.317681699643495,1.36377556465119
1.73253863312221,-7.19182854961385
-0.042800003476591,-1.71515973138931
0.218298605915726,-3.51258075608224
-0.0345074122025287,0.276280551932771
2.18266677017968,-12.5538192681124
-0.81098796796385,1.17530308401224
2.98372451121705,-19.2942630098335
3.6266903621885,-7.05092834676159
1.20783604161152,-0.475352735202752
2.89770424010056,-16.5591239709822
-0.228437108290173,-0.540411352006125
3.34451659926321,-10.2049627714493
1.65695122509976,-8.36462493843345
-0.642685294548625,-0.534363297824311
-0.454293898714661,2.02327396551342
1.56523801060717,-1.60759295536515
-0.588715861096792,-1.39295021536544
0.426723777351518,1.23571049655372
-0.520936267900386,0.407549832237534
-0.934661166954947,7.08516633143351
2.35371328093545,-13.9513551420088
0.127152407513774,1.09429666546427
3.67091212944907,-7.23405422511333
0.452043853411578,5.12752123698631
1.69790058423831,-5.51309158877514
0.330852328068231,-0.736671489784238
0.470237079320071,0.0953893219373921
3.70356175110425,-0.65094272933934
-0.374440491457448,0.0976686825957196
0.700056192087057,0.44863938078976
1.16778496940427,-2.98172767082499
2.57422700357338,-18.8110767401912
0.154255775388437,-2.17553075079671
3.09545486480155,-16.1230742962102
1.22550156797467,-0.716245590416409
2.35208807365434,-12.9719234630899
1.28329571073939,-9.34191192419441
0.706692701276071,-2.95282782429253
-0.0941134043536459,1.6337838158303
1.03929444290446,0.604919530625331
1.44006539891873,-2.38504733985703
2.71397120299306,-17.2797333943405
-0.414271176110672,-0.158060569507368
2.61117835207601,-13.6248383068336
3.11218112836292,-17.9651673328465
2.85906102524173,-14.5797192862374
3.57381552062869,-9.66330746852006
1.49842974894247,-5.85270156328545
-0.515213919770311,0.32913624862644
0.135904282444836,3.86481553489629
1.08049545736064,-1.51426148891609
0.981688009765849,-3.1695309168271
1.39914014765727,-2.15732123151318
1.90785074131385,-6.94674111680529
1.51117538424711,-3.1408255845347
-0.883615925089425,7.25734560190098
3.08823470367084,-14.8766144568519
-0.54049497855125,2.97502101170748
-0.979309823827999,0.493880650679797
1.2904897356388,1.43537476701442
3.05781755196474,-15.6078998259198
0.951569319863255,-2.13129034948356
1.06303289177962,-2.15982049185596
1.67532343028051,-6.91213882197791
3.22774841552283,-14.806621831347
2.19942582306187,-7.74749593080275
-0.969559754586423,4.1972611857021
0.861269622215051,-0.0866077609354945
2.20945247111243,-9.61436577494288
-0.00292887437750378,-0.691874093365815
3.46139802428387,-11.7716410677014
2.02582107815272,-11.1787691468526
-0.873765007773797,2.08699709966436
1.43653410488436,-5.9767871900184
1.07682600958728,0.501569368939707
3.00076795009385,-18.2756439653857
-0.9437767250301,2.3098201615377
-0.605578427479024,-0.257951741283803
1.717215498109,-6.2523853714235
-0.299840950124881,0.523949900104268
-0.289078216995403,3.4576939527592
-0.300886646474183,1.37176217114442
0.843846978980157,-1.55601335959545
1.34659367835287,-2.52623057922358
-0.212264717384857,4.67986854171478
1.09436363899519,0.283013773160166
2.44960498020778,-15.7472903889307
0.907433758308035,-0.348086011845794
0.594349585801889,-0.857036799060942
1.45184482795741,-5.39459522057005
3.1855815134247,-14.8653367545901
3.64560194024072,-9.44043351679758
0.496094740585366,-2.21181138109245
3.21840526358674,-12.5681801762068
-0.996280233568915,7.70244452218169
2.27450668293483,-12.5453125347119
0.384007212199958,2.93595548676577
2.60231028871248,-19.5585700579379
2.94714265930535,-13.8501339902476
3.79358776057848,-1.01848459751582
2.18228753136808,-7.63680511902012
1.3854863598631,-3.54054754452716
-0.132155455305702,0.352939207026301
0.337841806103537,-0.520571865942915
-0.522239147165766,-0.646781019310018
0.973003061932411,-2.37255322026732
1.65671998248031,-5.55208868539381
1.78751112826465,-6.19411909386593
3.40022797252322,-10.7976831955465
1.68911380808995,-6.37575282792341
-0.206778015787169,2.19813632673088
0.626831853628032,0.642892538178442
3.47757008893896,-9.54733867997512
2.53272907499664,-16.2791138652433
1.20223486954307,-5.45385099990304
-0.983201450093707,3.80757572003046
1.86512654536409,-9.06252928346395
1.7286820018018,-8.06788996434365
1.01250009050994,-3.25606137736315
2.93913824877033,-17.4521929329095
2.69504293331471,-14.3555923626619
3.20819999648172,-18.2637781189866
0.564304956359247,0.446752383723902
0.130674915363894,-0.632972164325917
-0.822191864889577,2.41308546958606
0.699188595152333,-1.8480292335012
1.50194131610227,-4.23407980669032
2.97652922830609,-17.128119446185
0.657914412862934,-0.550572031502711
1.45487127541266,1.70806988712636
-0.463226903472709,1.43620395243873
1.9263200790938,-7.62506671423277
2.77605595363973,-16.9565858464447
1.68841976758379,-5.03323238259218
0.0469139710408071,-0.587441136012868
3.78206843486913,-5.73849601954939
-0.35095696132553,1.00293809086471
2.17100990848174,-10.8023477720781
1.51264842184653,-1.44521320984299
1.6408759361582,-5.24574531927214
3.85175157009373,1.27738881611801
-0.241524477831658,0.220879315374367
3.60808342480536,-8.97719030655254
3.28911178534015,-13.3183749852318
2.30776342922118,-9.89905883568958
1.95047248032095,-7.53831602739354
0.557592862957207,0.252271451403508
3.71839285880223,-9.97598556474716
0.116000706629778,2.02719317926382
-0.795337010544761,1.08325846479965
3.82762442605626,-3.82048107452866
0.530318882897913,3.47015581950857
0.248198491460229,1.6779656103251
-0.947638682000925,5.87191858809843
3.73241246632297,-3.15596233580842
0.94298289904914,0.25192904539508
2.65069204471036,-16.5479056625104
-0.548692020453692,2.3426412101104
0.143355422424255,-0.874308434543189
2.84511840929079,-19.8472127359596
2.63562640005457,-14.3753775175804
1.71111135980813,-5.69216885116745
1.58942235665672,-6.06841907322498
1.13008320599741,-1.97666881427355
0.167309877921487,2.37443666214332
-0.510927880025277,3.21609875912838
3.72982505333404,-7.08250715954385
0.248754971257848,1.49343947848419
-0.395474072758666,3.07489909322857
2.35903486376162,-14.9487402531793
3.22914693559981,-11.8633143974954
2.11744268384185,-9.77085107190091
-0.406541955795036,3.13891473716616
0.27424090125221,3.47330652262933
2.26435912544231,-12.8971667741401
0.0709037130901233,-1.53142831549022
3.70897027053261,-5.75533161264051
2.5424041283837,-15.8252662473442
1.03462196075976,-0.884029592267995
3.00730483505542,-15.5498028766948
0.529362466740126,-2.53146293519521
3.70323103565593,-6.46218468312965
2.23759299832287,-10.2973200326092
1.33971371602595,-2.63243224494195
2.4374834047747,-15.141111816289
0.786969784349744,-0.646532449998909
2.41681817660981,-16.7399307227342
2.93827450161494,-18.6335836892308
3.26717317073066,-17.9905435092991
2.23056222060614,-12.9503496997735
3.04428312020934,-18.4353347181725
1.42279851106485,-2.50078632334322
0.27921269704639,-0.514572254145608
1.0230101566423,1.61510984702597
-0.611193051900758,2.53874726687579
1.11653981483727,-2.46949496578794
-0.741679022661076,2.6882763801325
0.492256301993161,-0.913074260094876
0.189122156443724,-2.31170831099825
0.737942769641272,2.39162595267971
3.49990503489569,-12.3232302864732
0.241282893157817,-1.28718261823495
1.35441170014256,-1.83005341551588
2.17457213629033,-9.33532675046557
3.35577809234809,-13.9838568568853
3.95619523631985,5.67049861727126
0.0331936962505854,-2.04973509876893
3.72539264113088,-5.96541893501793
2.65058338799608,-17.5607776110156
1.23680404976773,-2.01925519886039
2.1384222772387,-13.7664534545427
0.973091874690946,-2.28189358093704
2.53402571213329,-11.2413165228224
2.37626141835262,-10.6032233962632
2.7237259118999,-13.5320400724568
1.97152056379552,-12.1246261791365
-0.76409591559011,3.56311164879283
2.04453051062776,-8.72532918719335
3.06266604755281,-19.0440800581315
2.38796116776095,-12.7991139222636
2.20169329541165,-11.924885868532
-0.739616028800257,1.68959891907132
1.4170918807809,-4.08930669011311
0.197655940450693,-0.550923280677692
1.90919784136784,-12.9661628697402
-0.0468976628527464,2.3854410443591
-0.764196366150505,3.11397303171691
2.41928250655315,-13.9476873025768
-0.878230176370851,3.48662204639738
2.56842736888458,-15.3793278964055
1.35099501049369,-1.81353684831953
1.89216908251239,-9.59543702090274
0.779563051239441,-1.39033697223239
1.6648129918047,-5.53307876296302
3.42088135541201,-11.8444597329136
2.86050060424637,-16.115670439954
-0.731290995391757,3.82697261655738
3.10266175467445,-14.4797000062241
2.105402858022,-12.6276813420568
2.53483126689744,-14.6570531218409
1.96905912025313,-7.45871532121672
1.02546576026596,-5.98871508902614
3.07113880941103,-14.8069670796881
3.01571080540819,-16.4616882507299
1.24003280335506,-2.39135271224366
-0.0165883086248821,-1.88988795604556
1.60332956681893,-5.82478820586501
2.83781369168253,-16.1227658648847
0.914842650774572,0.0403386842366595
1.74642721263175,-11.2734315695017
0.589118647831935,3.04161157646049
2.99621777837813,-19.7667825861668
3.83967864624964,-1.53591066988948
3.74590041531094,-4.46875182389849
-0.351227212829404,1.94876176507315
2.36410533400433,-14.1393274110471
3.18419580983335,-14.240530752234
1.51344008485891,-1.73564660982343
-0.0183638320465781,-0.218049936882258
1.44961264707075,-6.81157166606807
3.62000487499386,-8.36945506167122
1.52166380033599,-5.01354213149933
2.34657446446311,-13.0434159808791
3.70000129940126,-4.40035554890602
0.996445549217604,-1.05357849773936
1.55205835705811,-2.54239358711149
-0.227406269533312,-0.910282701045709
0.503004766739208,-2.66580724740098
2.85628633449049,-16.1188167053432
0.975091912599258,0.971966694468071
-0.381973537200196,-0.412710912275209
-0.0200275552556142,-0.0588649601418938
2.39044965806388,-14.1141473756841
-0.621127837452306,2.27809006268337
3.89413733063541,0.730557717898207
1.29052884635671,-7.9635925216344
-0.575754873770539,3.42717783356659
3.43410805256532,-15.0228883489701
3.41915374141645,-13.6773202329089
1.00777398598082,-1.36795216235802
3.09570261925967,-15.2983807497933
3.55695851166297,-11.0731352969004
3.07045226173215,-11.9811265866428
3.99255879698141,10.7453158641551
0.0370403398049581,-2.87221879018252
-0.448394735099702,0.00479081966441242
0.748688450772516,2.1075087433074
2.55774622808687,-13.9489190855127
0.531226364742491,1.14812689207245
3.48950370804953,-13.4643518188368
2.61075242382523,-13.23080982442
2.25827684317307,-10.5756867321394
1.69355695890436,-4.6360996731531
2.40265351191706,-15.3698203068063
2.16427264822244,-13.2845721476705
1.19405463290846,-0.87435665296747
2.35261012837519,-11.2360288062544
0.281441623439293,2.09463607197083
1.41583779257841,-2.73658329823017
2.15242174143731,-11.2357198517863
2.84862691542334,-16.8539911592622
-0.533507039445174,1.67810770292862
0.452424337798526,-0.0484083622266819
2.66424395626286,-12.4192125565699
0.673044040809691,0.966212168717803
1.4568138291166,-3.09795842520624
0.326902282354672,2.9211659392853
3.58280767150022,-12.9398130926035
-0.194423793900092,2.86992815680379
2.81684641744705,-14.8047524083111
0.518291398858669,0.618031155242623
-0.111315809381537,2.19453376850584
0.684975131054552,-2.05897025714297
0.38169397608348,4.55638059522314
3.62377766793583,-9.35903457002256
0.711365218121801,-2.26423300878317
1.95821632583347,-7.99570499953606
0.175711743859368,-0.778973045722007
-0.204442864550085,-0.390975917615391
-0.297926259750451,2.79852455389641
-0.460162963666065,-1.66113974699749
3.95994160894989,5.89562711692867
3.50339043468514,-11.1340118916882
0.650223852597246,-0.73472702200004
2.26899079918878,-14.4627006214104
1.36141560554527,3.62449329914917
1.88686807770087,-6.53758661152021
-0.954333523466313,9.11353286148421
-0.148686958427846,2.12413562438335
1.25529873980529,-3.50687987284603
2.64503300244134,-14.5160158098114
-0.731820478583549,3.45535882821247
-0.519296402941714,-2.45955052878667
1.48075313588124,-5.15056390816311
2.75379114615057,-14.9722781460662
0.516483938665006,-1.06781676638003
2.83442859721855,-15.8104547505704
0.822927916802359,-1.59436313121805
2.14235485675966,-9.32139050078388
-0.173934863665989,-0.483225044569941
0.865806017011391,-3.43047520786765
0.0480199481447661,0.614927454020023
-0.974125729424261,2.75890358972828
2.19968980036675,-8.84243336116204
3.60207645282713,-8.43793206461705
-0.678613040021027,0.134537680213366
0.0328550842124833,1.90814035741803
3.09334335677995,-15.2151273412444
-0.484224362953583,-1.55005038656535
1.63324415998456,-8.44779923231791
0.118121603075178,-0.528230604678025
3.16501748141606,-14.0893629119759
-0.951451082942717,1.38920747053502
-0.549452439631846,0.912162777941461
-0.477949905570259,2.91525992319244
-0.21075681522567,-0.387527156531991
3.22385634200865,-16.2540779085019
2.50760579028743,-12.0589922484755
-0.574936417844488,3.27086807815578
1.06518078510009,-0.0626868739469324
-0.602431244210992,2.84307765448847
-0.300123692452952,-3.55617549201188
1.05879416551284,-1.14597540602885
0.960299998400473,2.59814562958389
0.831820873833411,1.17883405215965
2.61446655108502,-14.7554246826561
2.10941037410337,-9.77595513917713
1.60562606731434,-5.95443082126678
-0.843801396486316,1.77388651351197
0.446254681808065,-1.35981989476186
2.68181593180665,-17.9421314216349
2.77747957750972,-15.0287450444133
0.686589504247078,4.60796395716779
1.74334519559864,-13.1290687305278
2.81004333484973,-14.3562313518998
-0.773696765749615,2.82303267021461
3.30339996356313,-16.1061800954728
3.16262924281208,-14.0037151708569
3.00232517297533,-13.9999532657656
3.87616703914753,0.272187001546157
3.43423500630663,-8.68658965739439
1.64687393419714,-1.87572223623528
2.35186153594053,-9.13911005487168
3.72793265475355,-2.487902130818
1.59796627606719,-3.62780977576235
-0.495148090612538,5.34962431613141
-0.904616751250979,2.96535851752254
-0.0913957771123988,1.87500252846294
2.15058038889076,-8.25097699688992
3.24149800235581,-19.9843751475824
1.96591529694882,-5.51953892205597
3.07394536877601,-17.8853817021948
0.814155923574122,1.46654644570367
3.22224184827718,-21.4149429079464
1.16745904637733,-5.05764400591165
2.75097354996155,-13.1066553682516
2.46566943919932,-15.6967533961966
2.86057405264784,-17.9064106170825
1.56429996953169,-5.34707010619988
1.56008859604167,-4.86937877469025
3.99174668330571,8.83358346114677
1.45884826477965,-7.98969143752059
1.64461159313745,-4.93388397799922
0.316718807687851,-0.717552787834881
1.81849284126645,-7.07279751446487
0.894306448670132,-1.87633365556481
0.211325538305504,-1.08976098475253
-0.471311111061663,0.112293861441773
1.8718845096998,-9.32382182018127
2.8193430260489,-19.5984964219329
1.99874117976659,-9.6159297951647
-0.54214818406744,-0.722164630402551
3.77816089842217,-1.54845703353093
3.73505711084038,-3.74171890021052
2.65407819580262,-14.5728487386621
1.29972483574581,-5.94231596718121
2.55351927942234,-15.0132249879121
2.82537320373829,-19.0523516169408
-0.634554397500237,4.6586384133049
3.71203137345346,-5.98705632905716
-0.243058742628936,2.79817567958066
2.86562333308462,-16.4348209321692
0.775926578457588,5.01524102610828
3.22311971256811,-16.7780602613278
1.37437833191901,-3.88120594651343
-0.816368494623536,3.12773395545739
-0.088554933920347,0.0498329450556008
1.0704086777768,-0.250989410678223
2.5136452480497,-15.6627880157646
1.24630336742792,-2.00062709274253
1.07109109702562,-1.4581775149894
0.235318055103794,0.885889824144778
1.84554607748737,-5.47375355552122
2.62453058130944,-14.8409339034109
1.25177041042432,-5.66503935912614
0.690284295468035,-0.569308690706161
3.50295668053887,-9.91663610325369
2.60436159322702,-13.5704727146148
2.33834765427605,-12.4007929989248
-0.852373647701964,2.6111946565607
-0.155552580004135,0.252219836348069
2.73988188415305,-11.7911116938543
2.2583703293194,-10.8802543728451
3.94818632010054,6.0414677970929
2.04071660126834,-9.40736863213018
1.96460468763945,-7.90960162199513
0.731311701261312,2.52385794450948
0.711586371230646,0.109401359897672
3.28134564868529,-19.0135092281994
3.5487199547511,-11.0430490008939
0.580998717347212,-1.36953286960083
-0.952391906444307,3.33067562784723
0.858917131747957,2.28832525040324
-0.855810131366503,5.3236969381819
1.88990554941016,-8.90843955760101
3.86748862787138,-0.8282236273666
1.9546128717064,-5.52995771544967
0.421534150785,-1.00867470404684
-0.518969185952311,2.20885515066737
0.464127807285512,0.911034939891977
1.3243474291209,-0.426248554858058
-0.635664162373679,4.74790502662384
-0.573633547837405,3.75906030051168
2.15324092406771,-13.7651266841597
2.34206527067113,-9.42153132777868
3.51190577281943,-12.309899175687
0.515050854272758,2.10970576188076
-0.264998972532195,-0.460183143192253
2.45378638449811,-13.3983732163213
0.754333717576126,-3.80713720976723
3.03471730388667,-15.3235335001224
2.94581173400608,-16.354177740908
3.00133950244823,-17.0266130351405
3.37769627969076,-12.6167238464558
0.0458113435448524,1.6343691403372
2.20040952572493,-12.5088825820071
1.43002412934936,-7.51101500467685
0.504230527694489,-3.1698280693638
-0.992937909098492,3.27023431148322
2.66716467624152,-15.8145658500913
3.30624132029055,-10.796191468656
0.493647770174407,1.24735290654495
3.86132331864657,0.234775194967754
2.91373304515906,-16.3501324545143
1.1972330939287,-1.14039200735909
3.94134432711353,6.38214725585664
2.74986713179481,-15.7963818496044
3.48227913795932,-13.3788898781928
1.91387547654637,-11.486836297411
3.2743068809919,-19.6333489100062
3.11332093505725,-16.4846337366877
3.42524576951361,-11.2587308387395
-0.0447079101557643,3.50649953294139
2.56350164789067,-15.2472528079303
2.10943829272104,-9.00687399154921
-0.728542157662916,2.86242724014151
3.82251860549607,-0.902745393729548
2.58682661138783,-12.4308519408402
0.281298376519444,5.67202156282875
0.348957371593414,-1.23962796616935
-0.121532934351531,-0.0442967104109913
0.0135117841800119,0.212750186068919
0.374715711974377,2.55014229757165
1.27324416030394,-2.75121997322015
1.56292928186732,-7.87586253291021
2.53221257786389,-16.051341435172
2.61613289914019,-14.8671224175504
-0.535965071296876,1.1383067605875
3.09063080920839,-17.833365954243
3.81549610001374,-1.00074743157087
3.38806450004127,-11.867001026412
0.273655207986765,0.884229657745229
1.74169888039069,-10.7670130623936
0.0504914212027539,-0.288246705064563
0.720653448745483,-2.25903476353393
2.74627054213729,-14.0466289508999
-0.0124234057916519,-0.465346377855865
1.39738015676267,-2.35785810392623
2.32210200530638,-8.8163898208252
1.46290780312838,-6.6461675835683
-0.0634872074125622,0.454399086204918
3.988804055286,4.92472314225219
3.83138707966426,-2.2072251443445
2.03850478904398,-8.99036764526953
1.24146733984716,-3.51853598829326
2.09971355107276,-7.08224239687336
3.26230642688804,-14.8840679969346
0.67245785613673,-2.24203929673998
2.72578361190292,-14.9339513381691
2.01873636332173,-11.2206000498141
-0.144889106272744,4.10968667422116
2.53796320165077,-12.9095443602514
0.0572059301785874,3.17705540783972
3.76630729283331,-4.39243952530363
0.0867935870464085,3.79496583753765
-0.660914523398875,2.63615324806702
1.59074246701633,-5.22592398039997
1.12192557290458,-6.38230667450017
3.27422441968347,-15.6145459981341
-0.677295448727402,1.04648093584802
3.3099322685773,-12.1238504006225
3.06804556942945,-14.0598165069942
2.11094283112858,-10.0814411350324
3.28660527083463,-16.0153204308901
2.12971685928263,-9.6535154859516
0.0117840017338215,1.18700972652305
2.57601588524861,-14.4025178295992
-0.617785933904495,4.27029252581818
2.53405040818189,-11.5659802299805
1.29800716677806,0.536729537216399
2.648623102186,-14.0761084145644
2.98797952373332,-16.8185883327185
2.27474013560103,-13.8123710322203
0.289993814796359,0.283731305513161
2.85719444666631,-18.2780196700758
1.40044090549626,-0.708270903865606
3.49470924961995,-10.5769115886675
2.660858513411,-16.2562052833033
-0.0944922926212901,-0.257131992733194
0.781852833724295,-1.67847811509339
0.236071817678819,3.22111227347592
0.555259166156751,2.68621097292183
-0.436023754081207,2.05192983877675
1.85169621401591,-7.69300023605549
2.27228216534016,-11.1319504840059
1.56840370574777,-2.46521703498931
3.25294448769786,-17.4265427843251
2.52457641908017,-12.8134150611911
0.338936764396086,0.0489723662595017
0.73227747027446,-1.17695027599123
3.58209895682772,-10.9670063993414
1.38717056181809,-2.6126140523523
-0.554792087740777,2.14899204555595
1.99073291120204,-12.0611487518765
3.05497621290182,-14.2429745659731
2.51510343861863,-11.3174860285416
2.53377045899562,-16.6731154568774
2.68806315780038,-17.6758144622157
-0.221674580077454,0.89923344198948
0.939565785804842,-3.26173262631116
1.57919293609485,-6.11770055025436
2.99826462070661,-17.5999863742726
-0.433491932876246,1.07467774727216
1.54535412427484,-4.50640695639084
1.31729335442267,-0.77759692997868
1.38297320185733,-5.52419627726868
3.37717361038243,-13.2937611711339
1.99837589913659,-9.1812629679735
-0.0388094716487227,-2.66754571827731
3.79387239154443,-3.69500243077738
3.61465625189051,-12.5362523547369
2.50691785397507,-12.9634080047095
2.4101962703964,-12.2274706188459
3.61351355330993,-7.6870267156506
0.427020959536426,-3.11891830510266
3.5452846766034,-8.65444904643743
0.950376158412471,-1.64517721584262
3.15493130426701,-15.3180565161229
-0.554119397023563,-0.355312860231774
2.10014212136345,-12.04100271692
1.45095628834293,-5.46077739162935
2.89805815795231,-15.7918341621026
-0.36843756017979,2.829327468339
2.49880244424255,-14.7963288752903
0.622622933433403,2.51684120073837
3.96324378271486,9.46445316192199
1.89440260408803,-8.08420892519074
2.21199449476264,-13.3268973177004
3.78093337494884,-2.83097119789298
3.45581666341289,-12.1335987095424
3.25488555179591,-13.3755488752519
3.78318667624049,-1.38060026538726
3.82362843747197,-0.513993834753326
0.834300628710827,-3.01210178298148
2.14282777110946,-9.56634449064339
3.09086236429531,-17.0681360802778
2.51489060674577,-10.3420896471789
0.984491472112652,0.892436701839323
3.59074016367896,-12.808335072143
2.02787697638089,-7.22340675970043
-0.224196144702145,2.47357828066247
1.64534215631416,-8.84783019181056
1.07004460157443,-3.71138448105187
1.75957357891453,-5.4488640159424
3.54395979896614,-8.30950653988871
-0.391651663221695,1.15436525913266
-0.578951524517886,0.547878024043419
3.63677724071639,-5.84299313598913
0.768249285215643,2.67261906213502
1.31070472762128,-0.848714300566574
2.36787914855439,-11.844062054987
3.23108168949754,-14.7911618580935
0.834025620971135,-0.117273930928983
1.92836749240446,-8.20710193149112
-0.107405208306504,2.556421758387
3.43155853240121,-7.86519051370833
-0.54087943901012,3.94118674380309
1.46877822748649,-2.22872949503959
0.523564878963998,-3.55459105058983
-0.434176159343352,1.96119500378649
1.12773432256232,0.703412724316512
0.31414480251874,-0.211618643937203
2.13894632888398,-9.63610381913272
3.1508896779625,-17.7142407905703
0.00700232242767074,2.73866309567541
2.12180818858863,-8.28951855609206
-0.814918799512343,1.79675030148862
3.94331358857395,6.67761243870048
3.2966163802913,-18.0643228979031
-0.551764822049014,3.51493809087636
-0.76686270105401,0.83571805524448
-0.368690957492219,3.477390623191
3.81576331697991,-1.11194134382122
-0.550301247254677,3.1922716188967
-0.509427931169654,1.70452113823338
3.65580707757868,-11.9906310481343
-0.521991150838999,1.57007515930633
1.87634028930683,-4.30210104510676
0.724441455385211,0.107609793583802
2.03673325731894,-10.5131551073073
-0.129281397603715,5.20505279368336
-0.212778917205142,-3.0232529006761
3.20797625545239,-13.2538856315877
3.94410681412749,3.91091145979416
-0.58440444266549,3.04923640994456
1.53596947207045,-1.61514945974207
0.0707085301961383,-2.22824293807103
3.41697141496522,-14.3702338013963
-0.119027605047005,-2.15683327198376
0.909485929416995,0.0470181299178367
2.57317215151216,-15.5156876739551
0.950508504214747,-4.8329715662006
0.979881580986731,-0.915492077712214
3.36924825649601,-13.3403110191821
-0.843002561486855,3.34843154245628
1.30599267752853,0.602140921222042
2.98462778559989,-17.9500889235051
0.734139800595615,-0.521859186525061
0.522204620630965,0.352882193115359
-0.0244130263133271,2.0994771184761
3.13819733895713,-14.7012407537249
0.778311370703243,1.46325501772802
0.693527210054224,3.91091201426609
2.3486815664323,-13.1913571087753
1.18753639242802,-2.0788140625661
3.39459935789356,-11.6014147343116
3.46409856928176,-10.2209591166035
2.70342069753573,-17.0634512688093
0.735885409078717,-3.28804106218551
3.94470489738042,3.11315094134038
-0.924429136295788,6.58602916630994
0.327084054444791,2.24662583950766
2.43363067360094,-15.2140280855301
3.1720112358923,-18.2999659905322
0.987819806847424,-4.10230823726425
2.58579783507943,-16.3751882080676
2.50752159415005,-15.5496385696608
0.054533008908255,2.96980059293943
-0.471979990294378,4.35887376833483
0.629472169275584,-0.790990698292649
0.0919796103740547,-0.496354571410069
3.32515133278044,-13.977152930916
0.850091680746524,0.110961079178255
3.03472059159161,-18.9157205451006
-0.372119686077439,3.19819455686874
0.529385507011339,-1.9681540104686
2.70791126045188,-12.5218347534593
-0.144502872059412,2.82180015101715
3.24125577768677,-16.6467224578082
-0.025281954053247,-0.170473512374862
2.61280958995342,-16.6252161145966
0.160857612021764,-2.62794825326439
0.69806832794999,3.25143468207294
-0.165753553892615,4.30116701896243
3.14837331843269,-16.9602730695054
0.751477034995035,-0.315022953641712
3.86043273972228,5.08577304694342
3.08351562879078,-16.4606768197145
1.3678453706438,-4.11464828898977
1.4826808630853,-5.82823620083851
-0.172923848053673,0.278965712174799
-0.410014545903439,3.30966732040854
0.62183639412192,-2.1177106436593
0.0398780535385421,-1.34634953138816
1.56253148242637,-3.84024891651213
2.6104041790654,-12.3355802422349
1.8270457376632,-7.36534853228008
-0.725235411102262,5.26856338089912
-0.830631260351711,1.35335750643193
-0.621244121177015,4.72981450208681
3.55232111746755,-9.65225643978163
3.01109235973539,-18.4919326511011
0.219153856225383,-0.379929982474524
3.38561093776559,-15.7672883704494
3.28917190950963,-15.8018751202558
-0.672598132845792,3.53903326831143
1.18980914241668,-0.696208436268387
2.11881876310511,-10.9570275993112
-0.747687651847181,5.1247557661353
-0.131052203004852,2.64829211170561
2.87513942684008,-15.5754739751166
1.51852691713276,-5.19706042504135
1.28738001936724,-2.69150473389325
1.10660886630579,-2.03700211605249
0.604504513329123,-0.970658926554658
2.31454046112044,-12.4525307136362
2.57662783816995,-14.5199654938665
0.0459880351203121,4.41936268842018
0.664930324886972,3.03681064373469
2.51260327408721,-15.5765066535977
2.9690855091359,-19.0291655463687
1.45040206238054,-2.57831457861669
2.98693633727302,-14.5656291731821
3.61664273306102,-8.27578087572933
0.720205885795934,0.419024501585826
3.48697780858479,-11.9782316625798
2.84707233308461,-14.0005863498885
1.41659277704132,-7.27922878555292
-0.513580140581588,-0.791823292482805
3.20646647684177,-12.5269720466859
1.36368552225096,-2.95319065110901
1.4554608079092,-3.61019633957464
-0.460260769634518,0.428088177357128
0.664578190420915,0.586119635086488
-0.99408447913473,1.55300373205696
0.581167281339143,-0.930347757132588
1.7165924224298,-7.51030781387997
3.56017278251264,-9.73834061981346
2.87077202420986,-17.024202555376
1.30613294035509,-4.33040563830102
-0.771885815486726,0.0540655616140948
1.03588667044328,2.76719366899361
3.53604827991885,-9.02790544973172
0.269742044230044,1.85016607490946
0.625794107608584,1.05559926926024
3.05259052547783,-15.9082359784964
3.2377886582297,-14.8586518546075
1.02514042048696,-2.92338167509222
2.83391726149975,-18.9539599479593
2.66729584198679,-14.0103089369171
2.67807916980975,-14.222839431354
-0.117165274662675,0.564443193114392
3.6804324639196,-8.38219149247122
-0.745767225829663,1.26173956533617
3.13063768541436,-15.0366571376071
2.53541140249596,-14.4453187819882
0.243063140492881,2.2804533148274
2.79980567220534,-13.1828301112576
3.67775268789676,-8.06024854321574
1.13102575156872,-0.998198598466378
2.55926232557449,-12.9259325406942
0.409984731979669,0.218856630473291
-0.425957609865167,2.88564218730026
-0.280806345188866,5.07311366158339
0.555220196357519,0.570305287109909
1.15555259413024,-1.80937383185606
-0.834366827523738,10.529537980094
3.01928331332545,-19.9487059357126
0.505082359905164,-1.54844321025112
0.69416309545709,-1.18935106956491
-0.848448143322816,5.34156779809436
3.68890326817845,-7.38694513587764
0.374089185571672,1.07056652477976
0.0192724247310792,3.33215712377318
2.53970887612965,-13.2232452109918
0.314624274247256,0.238398650520697
3.35878150152608,-10.7737898126014
-0.236763759879407,-0.593064035050011
2.21622857482727,-11.4127322015869
-0.028170884131087,2.0632973215276
0.0374559272603996,0.896547262831591
1.57650265381564,-5.52170524333172
3.99446892906835,9.43140667291855
2.30388710605962,-12.3204800917919
-0.965269340317733,3.41147437892029
3.44029264440488,-10.6053487168451
3.1655735995055,-16.0722064700567
1.50148093547724,-1.48407353974913
0.519056278549187,0.485915575325714
0.794380204748118,1.65573158729297
1.25101916419748,-0.974106329061653
0.610315189237187,-0.0143254151406745
1.79913019134915,-6.81882399436488
3.13855105602723,-15.0051522130707
2.67362134741295,-15.6564542818437
0.348095220518117,-1.53274677305416
1.40844437163863,-3.51030155330163
3.76856863767863,-5.52130448531051
1.00015969743296,-2.4398874416263
2.36901962732676,-13.6222730616815
1.93879619123991,-8.3588586552692
3.81741817085637,-1.85722351573046
1.31682105480853,-4.0106296703815
-0.285917312292299,2.83711487810083
2.15453838274195,-12.5495466130148
3.91752520986223,5.17722548124631
2.39903030981982,-11.0849579749387
0.189528292482207,0.283048112810608
3.72920954719662,-6.52744388614168
1.17630385626646,-0.734749615000087
3.41052711149215,-8.44717851934237
0.954124656981459,-0.666417415862734
2.2060802568052,-14.2544741875483
1.86438278085988,-10.6553622690902
1.26940331335909,-3.43182248646235
1.74882607863978,-6.37643340835884
2.85286498511568,-20.5459408850045
3.54593524123272,-13.1961494724538
0.0353936280509397,3.55703527899563
1.0944417557782,2.65013481839929
-0.493335984049622,3.24276761521187
-0.597519269100891,1.51345582364179
0.0114996483197913,0.24588526429158
3.72067802790151,-5.89700231031348
1.82670219833139,-6.53666079720614
1.20173471991628,-3.63741945811311
1.22742824722331,-2.01252703831383
-0.022843920732363,2.71236349240112
-0.382105708024864,1.84692293082213
0.652386011926188,0.510573281838641
3.63536322749104,-10.5627204462403
1.58551413084461,-2.66544730202224
-0.838860413442784,6.0588062665017
0.148969780524338,2.85795475335328
0.943768163980576,0.00571529805098914
2.76417750531031,-14.2317985690824
-0.465452499597651,5.69585548530412
0.703363073830528,-3.57113267676475
3.87572612593774,3.39160131975447
-0.875760756599939,1.11421014484694
2.3031617490967,-12.6985459955382
2.10856592599146,-10.6355851834529
-0.865705164513331,3.38753324469413
2.55973863994911,-17.3439223423767
1.19248712357861,-4.04335763553412
-0.460103250290358,-1.2980244999998
2.30758231358599,-10.352239681375
3.60880979784588,-13.2733238143615
-0.223387795506655,0.688215886637428
1.94557162399698,-7.59235302833651
-0.172720321763787,-0.387327912287189
0.841155042237157,1.8183056535748
0.815496766711908,-0.894559769626059
1.48128940439886,-5.44428455859366
1.6514914126352,-6.45312878902496
3.5002552618478,-8.75387254056567
2.99230554418128,-14.0406833925935
-0.87794281555187,0.403340179780481
0.391092159725882,1.35657404789404
-0.220650307413559,2.85949935879576
-0.142603365166889,3.78442328785374
0.828583762131861,0.375410155923284
-0.633127421783026,2.80460921961628
1.50441914441075,-3.16955774008979
2.5471190456849,-15.1022460868788
1.21890253263741,-1.42987128561418
3.15775832729657,-19.1487069648425
2.54784368961554,-14.3557726644183
0.086952400089386,1.79325912597939
3.74551286785276,-5.1142126617252
-0.941668345523181,2.23376993631483
1.89795310445306,-6.73871440604565
0.486496861271223,2.64286741302527
3.0170497597062,-15.4381000160485
3.75632712943556,-5.60372155311792
0.884137801437565,2.46249762028845
-0.144252159527672,0.626023413211237
0.23343863001516,-0.390414929072345
3.79706113470486,-2.05492390474048
-0.952268518720147,6.73376910798852
2.45383258235406,-13.3939047370285
-0.942952308075803,9.28179768300063
2.47315704848347,-14.6509736992317
2.93075754048188,-16.0297055693154
1.80389921368038,-8.96115496763237
0.405270969211208,-1.64669320424827
1.51523036763243,-4.22267027883048
1.38237025665542,-1.76760099372777
1.63241546641782,-9.40078058196432
-0.0404196216470639,-0.682728538747408
0.262134094231713,-0.266598307818877
-0.1524530926341,4.28519303023234
2.91351839071446,-17.2035842285411
2.55698920162305,-15.4840964788892
-0.317325702305717,1.35763669986789
0.366104604747814,-2.21961414788624
-0.106162042774297,1.21993833963026
3.72767720209717,-3.15634495199973
1.90991887476308,-9.31150524375412
-0.272196451143195,-0.607230475492676
1.10262154659275,-2.41732929177659
3.19870536243249,-13.6930449998234
-0.721357778348028,-1.44696989055618
0.539924997336403,-0.722907042206443
1.79713478020206,-5.73400422383214
-0.498379186778637,1.66839658028159
0.508068782882408,1.3941930298816
0.289027325893133,-1.84314052775176
1.85319344631819,-7.91142578444054
3.50879917152766,-10.8661775134753
2.94590911259043,-21.1899333818021
3.79481888812067,1.70315132680626
2.5461115348956,-14.216675720046
1.59609576391617,-6.4151407782984
-0.090333772834388,4.5310062908313
2.30179803853508,-11.4894411759311
3.99669805440715,7.57584222081867
-0.506267154518761,3.27104775803058
3.10106746733365,-17.9673274129695
1.70984148236716,-3.42319250321803
1.31432270595614,0.974865107667141
2.20362744705519,-11.3263488647558
1.60645996518163,-2.22882712043242
3.81005900266149,-1.3234406773046
3.45566786600461,-13.5838516285004
1.84650728535195,-7.68278284332962
1.52115094825366,-2.18728744216472
0.173931421389995,4.10024586238985
0.51578310646818,3.32906194580737
1.28163315223348,-6.2368188908473
0.200445025854173,2.94139257184299
1.50916403574472,-3.0154129366646
-0.821292909900012,4.24961242283826
3.58850709162403,-10.0205154595672
3.10423908013061,-19.0310026605883
0.858388422718418,-0.167208914117078
1.11700732512324,-1.4608945298053
3.8959075312394,5.90036796018748
1.32322144861707,-1.7640577149647
-0.753621262240464,3.09835297197065
0.112836953308314,-0.241322569328594
1.049793890825,-0.435471052396102
-0.906829746755997,2.84659342557028
3.25415115812641,-12.9802833812491
0.352771323598917,-2.02778366960781
-0.321632106189472,1.0302959767329
3.40383443497861,-11.4537464801145
0.680737620157319,-0.536293369574242
2.05951723613467,-10.6047488998018
-0.880786174229423,2.25797557782458
3.01200990421735,-16.4908527334527
2.05643031023499,-12.6036653428883
0.53494900077739,3.05475275478048
-0.572832265277623,3.47886454645005
-0.786812674222248,4.73143757139994
3.32832545879443,-15.0693871896499
2.22335406903692,-12.8487665088089
-0.0460357288466026,0.919813467415542
1.03462979269777,0.886103461563452
1.92882648399187,-7.65696567747054
-0.63238573485468,3.03463213792058
3.35033378141658,-13.0761211095117
1.47171088280519,-5.58370787178723
0.136194024144459,-1.44315900040578
3.60445721539853,-10.3716724308698
-0.684766064868375,1.68866717900588
3.62730119026709,-6.79173098447622
0.129135585350987,-1.12785807812314
3.55232167541864,-10.6080085422586
1.82053595137629,-1.96219168721792
0.835673325612232,-2.63814351376419
0.329918942010812,1.9131019489576
0.408941885116096,-0.0228521508260471
3.58262349999704,-10.0758675513112
2.7171586463442,-14.3870741292067
-0.765552524716887,2.37012380665153
3.19264713678248,-16.6422865019973
3.74482330493992,-3.80436167972365
0.507869334182201,0.378915125989815
1.04146560495034,-1.32171618270368
3.8392229374225,2.82525375695584
0.0499159662778519,1.21483678233181
0.861895494624939,-0.801611058918247
0.433750151344671,-4.95317704556991
3.96817577955095,9.13873915192573
1.09043247254725,-1.43177611253959
-0.332358060672247,2.41588914534857
-0.835062994443566,4.12892877379578
3.41226191955338,-10.3998006976058
2.37838691620092,-11.0129820381493
2.59494947961324,-13.3990805586577
1.30676476713622,-1.51546946507826
3.13145741752259,-13.8067199053733
-0.215653814191858,2.10070762661869
0.0750985295158999,2.2693117232575
-0.338951678144204,0.586187738705652
0.484886770632523,2.09469239881077
3.62144290602379,-5.46641530032054
3.15834353727939,-18.8853164824047
2.41528780606517,-13.6932933687584
0.651565611468178,-3.22600977215028
2.50775942223343,-17.31971721582
-0.18286050088773,-1.60905475326183
2.46574012170915,-12.0707380159548
2.37766932188354,-14.9171540962274
2.55661845663424,-13.42187044235
-0.870856661518195,5.05583436548555
-0.441847632660479,-0.819684931854545
3.01462984983093,-17.6541278334651
3.20377582073842,-14.04115535293
3.1058444578659,-15.0524142529393
2.39076146655327,-13.3484328901167
3.28130846730254,-16.5645486851493
3.00464013509879,-17.6286839802271
2.64806273452654,-15.4033783991394
2.70391759491743,-14.3981190112003
-0.707563042438404,3.14382757368168
-0.45060011575124,3.98819419595918
3.85131846183695,2.38211829990254
-0.00465072075505968,0.199943709634984
-0.206074844671726,-0.254958258415303
0.473090930857188,-1.02533518398576
3.71161011865156,-3.88855869416316
-0.975442174438338,5.21173897305217
1.76160826758172,-11.4111923047916
3.15846465281465,-16.000842650615
1.72709859700952,-6.59693255211342
1.12603319213426,-1.72137120464396
3.01558968474788,-17.5884344306221
2.58016927295701,-14.0696542301953
-0.210215072310177,1.57619177669857
3.868715545762,0.926723807087412
-0.289571231776756,4.52719027046226
2.75794307544097,-16.5646682092546
-0.657041056422213,3.62778415522955
3.70406655036257,-4.26777832660289
0.869988886419034,-6.08444913712496
3.24829125290623,-15.4992475045564
0.207768381398026,-1.52716130682987
-0.11687911880447,0.530936686588031
3.85012991356527,-1.28726520187197
0.424473031058129,2.4774406851819
2.44414534078102,-15.5464960257502
0.907899631594117,-3.68019084975632
0.054497364454607,3.54425879633851
1.86168936678458,-7.91372548512668
2.79263527698278,-12.8414408107478
0.941776748177584,0.765993749440701
1.7748156193304,-10.7417446635645
2.42986469591625,-12.074155790236
2.54645356810947,-12.1368345629731
0.591433815370387,0.781984030139919
1.35623928396376,-6.10387225388695
3.9103043101085,7.77662505093618
0.0411676852977596,0.376891663057969
0.661933094642707,-2.85633554066122
0.873797884150066,0.197749703375927
0.0778846806088289,-1.27529912761125
1.3762476541472,-2.85684862662346
1.88525733409817,-8.83198408633451
0.295810936064088,1.43282201785329
1.07527986189121,-2.53563862293408
1.64604838200845,-3.20741553473614
1.48480177309976,-1.86590165690339
1.69337237136321,-7.73637609763483
0.479911454881438,2.62015969665037
3.6906489978221,-6.37043946683604
0.719646273686574,0.19957091445303
3.29422772337338,-17.4577296226151
3.12240728684069,-16.4934887831312
1.82798393619704,-8.58547535907573
3.58885323217377,-6.58195912491581
3.10247558268752,-14.0833534126997
0.5590427238317,-1.13118115259151
2.91315142888617,-18.1115932732372
-0.277692156849572,2.11845064925573
3.2800444387827,-14.2991386502888
1.48118658674863,-3.99085217814486
3.66969173802242,-9.8205954429543
3.06867738931959,-18.7636467822634
1.69515061082109,-3.0115713729261
3.42196474139685,-16.0459275778844
1.49398094303755,-10.234390620099
1.82838691047616,-7.88230173920669
1.98284728903422,-4.52422406393645
0.619404218667432,-1.65249792131715
2.05496514195243,-12.2902817010125
3.72581639748455,-3.97418017578954
0.934664873432475,2.16294116445757
1.08607301903295,-5.45198632583041
-0.74151229439372,1.92531310401348
2.94593072042401,-16.6908223955084
1.15822228895812,-1.08085074094633
2.45184550128341,-8.72655352321157
2.25639964533044,-10.7751076216619
2.59508511346249,-17.5689701317878
0.897066452968265,-0.299531810764974
2.03486039538407,-8.7773346590071
2.22665131076308,-10.6436631696296
0.598688843251729,-2.55832499972682
3.99767794663497,8.87401014780985
1.88672116468136,-6.59239232692372
2.69530397151447,-13.110189432073
-0.818882877388909,1.45174696639871
0.032537159884096,-0.916574873576111
3.10085193704417,-16.61105017511
-0.298290122903378,3.67798314257701
0.805365656943181,-2.21497649343732
0.617866590125441,3.25438417894658
-0.842419249708379,4.36237966429423
0.47130433066434,-1.71841782821205
3.86815299257768,1.80895533347193
-0.220191513910925,3.05837791551728
1.44444108442665,-2.8500723642957
2.15369002511214,-12.8184408119751
1.7983084131591,-7.38281099506601
1.23971761686449,-4.77200930933649
1.04718126775508,3.50427280574092
-0.356132478813263,2.90180260289806
1.78514288625509,-2.7006622831423
0.713009375523338,-0.900250599648496
1.75623059905239,-12.3997785729823
-0.915517668925816,4.69903013628949
2.9299865753912,-15.1698808163407
2.36452409837206,-11.6743808594908
3.46151682996979,-13.3596034426277
-0.629076355165008,3.21742773243854
3.3627530914096,-15.7789643520982
2.89082277557994,-16.5449273079668
0.784755183701818,2.5518673604949
3.21574062403364,-13.3705047003541
2.23595736084052,-9.73585943604709
0.560337818981801,0.662909781910913
1.85753137197645,-9.02039898292881
2.94621688012861,-15.5513917524068
-0.842607139211661,5.15172389378471
0.241360827412499,-1.47685566125976
-0.365171004974626,2.3813063335639
0.859372480582986,-3.68528655743037
2.94359068788402,-19.5675570971585
2.29239990621901,-12.1192046359097
2.56864447706428,-14.0058282960659
0.914858264994289,-0.151082505034447
2.25099881479433,-11.3875059678635
2.5584849052374,-17.8341291100759
3.75923433605288,-2.25167196417563
0.878168834174613,-0.0524651743609231
3.03116205855929,-16.0808207285903
-0.96677916275951,4.251280984851
3.31529250486095,-18.8434804127958
-0.363468119157057,2.32416846264982
-0.659309371470279,2.62714055290975
2.9505311882664,-18.229451822476
3.81027420579846,-1.52536969523121
3.2869437329945,-14.3240675333458
3.85035786601633,3.61777766403851
3.98649778503843,7.37626064233328
2.40893000967645,-15.0639064940835
-0.961811367070598,2.43863789775703
3.29317146323232,-15.9141480841339
0.34853827708238,-2.07258657260667
0.00947274017873956,0.298644766501362
1.04382191985081,-4.61271123064277
2.77286249283409,-14.4583846018086
1.58651018918809,-5.07885047911095
3.69175351907049,-9.33876121854995
-0.662283390147278,1.77955594661122
-0.458695296180193,2.46852498260956
0.0513542943518739,-0.600746267156284
2.44892365034967,-9.81191566312689
0.823919117961415,3.45436305962516
0.632651646411594,1.47073240255425
0.0646089151009179,1.47395414202038
2.34981978004364,-10.7441226903134
3.37440374920534,-11.5341344030439
-0.00483590074123097,1.78771970757592
1.82131143334461,-6.24119749070222
-0.448961601368179,4.31610586523523
0.870521870099733,-5.17020988584225
2.12346025689916,-9.81467967509446
0.191416422904807,-0.835675846243735
1.77553751273113,-5.22417833212182
2.98494308795136,-18.8261243545313
2.33768806318923,-14.8697030694921
3.55932746797234,-13.0348632203712
-0.603586877262027,1.9398461462637
3.02745657838016,-16.4729582126077
1.39343061599813,-2.77775996198502
0.588721040744321,1.7745007910748
2.63689002539553,-19.1939317260631
0.248105540315505,1.06986457894713
0.132233867565485,4.94872560388535
2.54848819510201,-12.2750834115
3.97552171197708,8.48496384990572
3.45511139676983,-8.38063672137824
3.53206950025786,-11.6948745041537
0.0807232670656586,1.72591687458778
1.74651929340097,-5.86026176916256
0.621955456189312,0.0120796016122065
3.20836446328415,-17.064594285908
-0.111579002280977,-1.48089988283077
0.35638212474019,-0.809169133839028
3.87284238927113,0.521071614907941
3.85263067522304,0.840541123270755
-0.181602300211055,0.958175945929531
0.744364537378993,3.78083606677019
2.73378459134513,-16.3984610072805
0.491806803275722,0.205991633240547
2.04351628999655,-14.8088977345215
3.31025365481544,-12.4496782970386
0.425338294004052,0.84813036936766
2.65304736636589,-15.6894658471843
0.35397516784439,-1.71250772744566
2.90680017621329,-20.8564022723922
3.70072888982869,-5.2404706804728
0.67397101116078,2.89888340277364
3.20176911564205,-15.2127533810322
-0.126092786433356,4.25376177868442
0.998941616483291,1.22490728032807
-0.945329809493097,1.44462353336548
3.93775688958676,7.24921063427455
0.432607733028158,3.09124760306618
-0.443568699385467,3.0077471426106
3.71546924534981,-1.53955336247883
-0.483342971975477,5.97024803159764
-0.635527147288085,2.42013012994415
2.20853595520133,-6.8897640114348
0.0709906610885551,0.363279036578063
2.49206872608326,-12.8404862995646
-0.321264003004718,1.60075228949518
0.359881160448859,-0.321702184042934
1.4302756919769,-3.20572157747592
-0.949536818820119,5.11111629336864
-0.906629260731139,4.98918833038998
0.21024808782935,-0.0167335133274883
0.291568167041149,-3.12853763061701
1.47184027982512,-2.33706191768242
-0.312983350793475,1.88011417226126
-0.744583676614949,4.80773807203981
3.63541465168149,-10.0482018554029
1.96451073849711,-10.0560552052677
3.71357960731044,-4.36070117294819
3.31733523740409,-11.5084125518595
2.2158747916436,-11.7739150353138
1.96720933621169,-11.7150578708144
3.57250127155505,-9.94810954586563
-0.50682143534983,1.89026838944492
3.27260035478684,-12.1358051169314
1.79505439344594,-5.59991869767594
0.983656438000947,-4.34108800357357
-0.167631004460406,-0.0395736169354912
-0.622499952259658,4.58252159677698
3.550652521051,-11.6727077523905
1.3947086177467,-5.84638407456652
1.23051174178933,-0.0427316708650634
0.559257361244012,0.0870676597259877
0.986818221531881,-3.05393838796299
0.962663288464287,-2.17396987141888
0.84178264984371,-1.35950419828045
-0.222581469319838,1.23344108814252
0.189605449353965,-0.192979082112358
-0.365298740941482,3.80735484406136
1.85693620077184,-5.87990340586576
-0.0862009362104823,-0.126566398527115
1.00702316602881,-5.60204758451219
-0.0667336672181731,-2.55908594922646
3.46365257900802,-9.57607384473223
1.31806468391783,-5.08414732895978
2.04609054698711,-4.9304682354678
1.26291275436027,0.276054674422395
1.56428989674743,-4.17253402759201
3.0956391136692,-14.8131232140063
-0.536162502561822,1.91523429849291
2.82149024567473,-16.2327771265621
2.16007817243448,-10.0213511285651
0.66615575065757,-0.572228237635116
1.53626470707151,-2.67559234461666
3.54544263392497,-12.6224020433292
2.96873240674882,-19.8013147367029
0.783660751347926,0.255593463829076
3.03795685077475,-17.4526395917928
0.394935868181735,1.58063676297398
2.84881751963996,-17.5153850072865
2.76563138880656,-16.6220493674025
0.893847555306712,1.64951048635943
1.48044667180844,-7.88885754753941
1.95780165316972,-9.86121719101523
2.69603871559155,-15.2756449077015
-0.788096433492263,2.61947442186421
0.476580836020005,1.64156401125352
0.0486148927434207,-1.14996494327612
1.36597694556498,-3.61737055420703
2.15900614650298,-10.3060250352052
3.67611214588189,-7.0828606943082
0.921085633496122,1.98379046583633
-0.14123075191298,2.47288526359899
2.04951554545708,-6.04072895549927
-0.993439396149862,9.15697808470941
-0.923891362022916,3.75339720994193
1.14875146849653,-3.91647575791961
1.91502282219844,-8.71861111599272
0.117168708309815,1.70757729618269
0.471716632276704,0.57313106476543
-0.703353326391441,-0.314582770855579
0.922056449164149,0.839973826453474
-0.674695398072796,0.192172021760764
2.70331689072647,-15.4864383127546
-0.98474715132415,2.42868495989443
0.630957625315202,2.61625361699662
2.37940415946185,-12.8392993451708
-0.597432860430813,7.34303809174402
2.60452578690327,-16.2050355760196
3.7107147873396,-6.69533338366022
1.77789393892128,-7.48517129986682
0.896268696699865,-2.09939931501558
-0.829753486264809,4.17418794068248
1.97739729598906,-8.12627208578344
0.84512555390345,0.0406892152844794
3.89495030722185,0.367678965033877
1.02876702676316,0.525909362916642
1.60239219216898,-4.97522073219316
0.591020661195672,2.57495529605115
3.88420300102192,3.84568595491235
1.77866721145089,-7.43550519477991
0.839136431350779,-2.0615284659849
1.06524313903081,-4.77899135055074
1.45056547434556,-0.352220537604245
-0.885583589420445,0.949706528848293
0.0403054107085596,0.156921993549185
3.5139360413943,-14.2054523995417
0.204022317771674,1.17284230358535
-0.521279153962348,1.88347415844944
-0.00764282935561322,0.170797342202831
3.24011993117967,-17.6130189305849
2.94370070586912,-17.1984445753758
2.64956165605736,-14.0191340204323
-0.157248066823237,0.102020560407691
0.260587431516081,2.75020042867874
0.33458466472177,2.49769494056418
0.373861020840997,-0.0641646543219976
3.7177898317527,-3.54585083570139
-0.851810525564705,5.25397595951023
3.32835684950369,-18.2671445855805
1.0549246665479,-2.1477920434913
3.59000353024583,-8.12225137352142
0.441627559470686,5.90716651407133
1.20604017626535,-1.90654855434072
0.0766415517480161,0.0443342337260024
0.0103326993355477,-1.9242653980638
-0.194138348322352,0.714719435170373
2.15318667083562,-9.61370339978717
-0.224328203664749,2.24902554059508
2.26468381198836,-11.5584989381637
3.96991339467044,8.66787556274888
3.12107062171603,-11.1792586114083
0.918464498426454,3.79038432141783
0.551443999298071,-3.57317966250045
2.13426944200594,-5.21039597920335
2.32716956003292,-12.4123728475303
2.42339596287292,-14.3679307384527
1.73040061421414,-6.70476363553973
-0.680268186978964,2.47154256090802
3.39023630268763,-13.9694468474768
0.573498240283282,1.08784168259682
-0.21769123079423,0.708043881415415
2.30151948167666,-10.2580620372381
0.182052229243646,-1.93765890401488
0.963129417587446,-1.77383489334906
-0.326571410379717,3.27333604034611
1.80702383109071,-7.58712813117445
3.90210187379857,0.554835648950102
2.91643392306429,-14.1177630807757
3.69860653818152,-5.4797539819994
1.87771220630278,-8.72047448656633
2.46444622027737,-17.0397062724943
0.921477271971596,-1.02224308842975
0.711603775144191,-0.113565202715996
1.23837908216818,-2.98179645725451
2.38586138080971,-12.4834808192003
3.68159818979371,-5.69812105605863
3.14391400875028,-18.6288639232951
3.24185273167582,-18.2151998989825
2.07730995984689,-6.66700612572336
1.2241236574695,0.75529193308619
2.93149620010429,-16.2474558627743
1.25735224275694,-0.414185902122747
0.995404945803798,-2.83504955796044
3.88739036982637,2.65902182569576
3.29295866329399,-15.3464662742003
1.55075479577677,-2.79606411425855
0.202826043927925,-0.949191343347469
-0.242686028260336,-1.14270599241148
0.160430920649202,-1.17037043332539
0.624629995604389,-0.530529774774249
3.02110058154401,-16.6810645261495
0.718391767646656,0.728848759775679
-0.608468549223628,4.01490226168581
-0.209723363342426,2.11621495790262
-0.748029006938317,4.0250673638333
2.15981881763582,-10.025232289761
0.590386629613012,1.42204221632753
3.51407194955669,-9.67730244353342
0.115225376221866,-0.52732564142999
3.785306810823,-1.86078276313454
0.198348500223611,-0.912086263217247
-0.11488022301119,-0.369246144391798
1.55391344822524,-4.18547564998455
3.18858332645285,-16.8612057574767
3.42525519647175,-13.6770558378742
3.93676480293324,7.24915780704043
0.731286135778698,1.20093077092192
3.64526715078713,-11.1480251893601
1.54166666651923,-8.81106951241568
0.0413721861299168,2.43795751181166
1.73776846042434,-8.90209629982891
2.98010207666221,-15.6972700755887
0.833240807576901,-0.232487615117117
3.06342967653473,-15.4067489164999
-0.461242785199814,1.51280118730035
3.33703317429509,-12.2483171411237
2.5637341269585,-14.6857910847156
-0.135789328912112,0.201647842007498
0.884807456337733,1.79641190800572
2.61192339909272,-15.2290278310005
-0.505850743448281,-1.63292162486234
2.52292737977686,-12.460245346292
-0.538476082179251,-1.55884257061099
1.08367825659892,-1.69439028183496
3.63791161999549,-12.5130503541841
0.676318369119812,-3.06933222749372
1.96808210761055,-10.6597290254344
-0.133481986868111,3.00341279121219
0.670721061965812,1.46291328793674
0.179137441138441,-2.13935770518012
2.7727771657713,-12.1559203507339
3.11362312808505,-20.0280008301134
0.29809492549281,-0.679039671177148
-0.587987163126516,3.55505985363852
3.9224805357359,7.52885703973974
3.79210911894179,-2.35068659943232
0.771419680514556,-4.0867502516484
1.4687637286714,-2.76655983646909
2.77240187983263,-16.1889086734444
2.77038997062314,-16.1546702663048
-0.909306088119765,5.10567594640726
3.82540190014508,-1.55141038389383
1.79798740893754,-5.60439045266447
-0.947903791178039,3.61593340735541
2.33825830990344,-10.7612622070101
-0.888320820584239,4.84367099878368
-0.449838548237273,4.69342229545108
2.51926167708575,-12.7199669963536
3.7756197765528,-3.36660278459313
3.7212118205023,-7.49671249965277
0.202132939096617,1.28964035345337
1.17520572506053,-2.97320755838218
0.809708206347064,2.84772388418846
2.17030090817992,-10.2312347496425
2.59354406244055,-13.9889541796801
3.26808232576791,-12.5932150051698
2.55084575305805,-14.5681539251856
-0.743106430678893,7.68421691720153
0.692819576641941,-3.30837835657712
1.84037251817728,-9.87965766229204
-0.00776785761342569,-3.4349214432588
3.89165945474491,1.17766130076827
1.63310423436215,-4.41867363341632
-0.306844489225099,1.43469599563432
-0.103730773840324,2.77811468064759
1.90351862696647,-6.76670592748814
0.624764754716852,0.956408387304551
0.865821073631198,2.28504102686735
0.425039403171509,-0.478750351823017
1.9618097139509,-6.00798060576198
1.04892893316276,-1.15428057021295
3.76376156297531,-1.66382856031164
0.451650494838692,-0.39255633473949
-0.190468122293252,1.21161162952444
-0.237968912987378,0.868871534672041
2.49616477237044,-15.0977884608055
3.1218757226917,-15.4847219156317
-0.0579222967284789,0.391417995420101
3.33954409755753,-9.7066674545598
1.01688768327316,-2.74979286772772
2.55925465559998,-13.9634465141112
2.2263656291982,-12.3980763284904
-0.0653815507046764,-0.0826297475348343
1.34822144022943,-0.992017217471952
1.28289156051113,-4.74903505426036
3.31636896939212,-9.90444336993995
-0.962892899073855,3.77797212180793
3.86893799411144,-0.226141125422255
-0.212374812531845,1.81692404132661
1.20473550303084,-1.08348568363609
2.21885330121348,-13.1953152465929
-0.539918329540906,2.33326729862238
0.219192019717142,1.96472910706639
0.770058809732562,3.33455744223523
-0.93334811563626,4.82123539128596
2.67156318427161,-11.9032610719249
-0.590071098696701,2.66457333284731
-0.995942116176514,5.52506033711567
0.306518676237069,-0.939279297200377
0.38467368197763,-1.21362567749136
1.13068579868409,-2.23059509534699
2.57064619607731,-12.9476363605154
1.61758313876458,-4.88841070550818
3.73204089737804,-3.42835690062482
0.183844847491895,-0.928232956205033
-0.977536066012941,7.33902182134011
0.761024993425336,-3.10564303535088
-0.932731759660477,3.36506917109485
0.94291377282332,-0.325624244159999
3.88792076949062,0.309193220725856
-0.273232773177148,3.25566825389697
1.39886704056958,-3.37938227698611
-0.841261048277304,4.37209878027004
0.412756981871866,-1.79776775884543
1.86358638780278,-8.30572270905791
2.29535280641346,-12.3025553109922
3.6679564914195,-5.92605869664399
3.37125205365886,-16.1593827555229
2.957915720355,-15.5832296276169
2.5384180196426,-14.1583443106515
0.320758305092789,1.69947474116102
-0.781069347360092,6.14210704165791
2.29147105657212,-10.8493909891256
-0.796443964048689,5.45240154946918
2.09302577174911,-9.29682175861137
-0.795915124307255,1.64395102814296
-0.829747545395924,1.51358094115991
-0.390504380716029,3.42639000619991
0.952374101437857,0.639136973410554
-0.593937179904532,1.35221261659116
-0.193226047618541,1.88496204566788
3.19430718195782,-15.7016166002519
2.56170614940551,-13.6171056858832
2.10302596772833,-12.0014060197122
1.20549478373139,-1.22569843468627
-0.669256675632684,0.818292467068576
-0.618223362741191,1.34290479599573
0.0832703148281624,1.47249821231685
0.275305249216966,-2.75919606848229
1.7422934551376,-8.54508925636742
-0.041265074612419,4.12769308034702
-0.397894880395202,-1.31490806038357
2.30240486833544,-13.7616052836163
0.689677280271592,0.800048226302061
3.08194421322768,-16.0401565738252
2.97161389147367,-15.7831008482689
-0.223420700496564,1.65017405969593
3.41051260198377,-13.172737890733
-0.177096518044409,5.41768577164518
3.51383410941124,-16.4697408215619
1.40273653161934,-3.77492706624636
3.84617936607316,-1.75032393230198
2.86004193010242,-16.4749851036128
1.73057615162511,-3.12804211199704
-0.883845354960452,3.91468550822629
1.03182907305006,-1.60996821764795
3.83804382387666,-1.54342996254179
3.46332859678651,-16.4018322401237
0.927046956478536,-3.57270206041641
-0.0829596904212651,4.71942255496157
-0.549483640822949,1.05786677416222
3.42133679627067,-16.1853100508658
2.25857798860027,-10.3106552195127
2.59241560350327,-18.4369068110635
-0.00572041799971745,1.91298220292598
0.886573236520411,-1.23697035772366
-0.187209216106567,-1.6160424612319
2.68010795809006,-15.3906966265321
2.28406486898592,-10.3267432185741
3.67564739408424,-4.27794363981569
1.90654971065116,-5.7719460338816
1.59899126841767,-5.39505159364277
2.16563218224737,-12.9320276547593
3.67339853360834,-6.64845775456092
1.76401663865397,-7.40786051668328
0.0421314833156021,0.540824805287544
1.2899219331765,-3.82393644442814
0.837427719081989,1.50392154710461
1.72218474554004,-8.97563029182986
1.20829026442388,-1.15580025550664
1.18081502238574,-3.06166043120331
0.696396982406783,2.80779725779318
3.88696525500061,3.75374866681065
1.74651130894767,-4.34638464323171
0.828876748267847,0.349170986362007
1.96934566042946,-10.006757462721
0.604962261743617,-4.85556713944418
2.80901770532563,-14.5922625974105
-0.406448985953205,-1.73591962069354
2.49517561659012,-13.1945055658944
3.49504090781567,-10.8675881983827
3.07397521673242,-15.3163635637184
2.86224359988369,-13.5549071846233
0.913246696311101,-0.0542557257205815
3.35822330090839,-16.4956568320989
0.00514055125739077,3.27167159835186
0.656425239294883,4.8258959353076
-0.512712139097943,3.38454165953335
1.48898296004275,-2.48810965593293
2.25173070398981,-10.0217658124963
0.754713451596767,0.646371209040008
3.89486550281244,4.25250686549553
2.72791251202484,-14.9929165306312
-0.80106205757301,2.87757136577107
3.66512283604516,-8.41189072107922
-0.375706230049933,1.30630934017326
2.7304316064772,-20.761185979574
1.22725838218342,-7.03703717302235
2.06122838654532,-11.4402789239107
1.72271949936422,-6.14749119313359
2.67240974436515,-16.3814514301256
1.20849411537305,0.412102089634231
2.48744590709176,-14.1172516064421
-0.932017606062522,4.40514231339593
2.55214316464018,-16.6144024831014
3.92537270914972,3.37683874454911
2.09831366562614,-9.57501466679582
1.14164234893835,0.95199308199322
-0.687162510228586,2.64303955036352
2.57683237443529,-13.5906197187225
1.24115015233946,-1.3453263989664
1.05935503541522,-2.38163929824965
3.85610837912266,0.64789384448248
-0.294839954613955,1.55517440889194
0.866636642476118,-1.25071367297958
0.0133811138027615,1.03728727291981
3.13147326080463,-12.9533394596434
2.83859458693197,-13.9725119974494
2.8411442137486,-15.7367447988662
1.60791494285487,-4.4627515782964
3.32815707132789,-12.6158379886664
-0.365369954855342,-1.52402952589404
2.88386190699451,-17.3395749704856
1.99953581076902,-6.24360272487186
3.30245390163431,-17.3739863342382
-0.259310164379538,0.729421983616694
2.00350269425353,-9.0230629883763
3.85070505013208,1.47185311369789
1.24403943324126,-1.871421203836
1.29649867526962,0.818693338017643
2.95182918812204,-16.3823376948291
0.853869518761361,1.43434777393802
-0.531090031000364,0.604058331774423
1.50649960296445,-0.873329055537398
1.42857685980671,-2.80767174310908
0.641744506937163,-2.03945609379349
-0.0679143055728562,1.48349360322415
3.95375103548097,5.12356688368105
1.91786754773922,-7.71232276181273
-0.476744714806021,1.34446313394138
-0.41934849239519,-1.47378926921123
3.46702339117807,-11.4470767897212
1.51176218195923,-3.44497250459041
1.69099320467656,-8.35819549643439
-0.142340779873269,3.17948070295793
0.126914084996728,1.16717205628564
1.42383375737201,-2.45162881542152
1.5117008420405,-2.03155673620686
1.22997261555938,-0.498003369703816
2.58018312735017,-15.6117713568535
1.89495995328372,-9.90278354239061
-0.88452574023417,4.24945585210165
2.33949583061461,-11.8678026400823
0.0126280112352686,-0.254312657060524
3.62902123256187,-10.5158242571974
1.13378524609523,1.02728257112614
1.46392920121084,-3.87393329426649
-0.305463419470026,1.36444989569971
3.87654859603456,2.07538007328689
-0.511991581119199,1.37034240176055
3.47127521906439,-12.5102223565491
0.873827445949093,-0.167749754385633
0.660525513485914,2.49363267000776
3.12127389835444,-13.8102649879683
3.02330114230558,-17.284315442997
2.10961656995813,-12.5757319276115
1.07469029607142,-1.93440139573903
3.24729104554012,-15.6345391890517
-0.787984523399253,1.24402101770362
3.11356433485767,-18.1519122084801
-0.982608099794634,4.83319750112565
-0.7938760463515,0.417028035883726
-0.359338569693384,3.88375655898522
2.83094853917976,-17.4548906134089
2.69187245919506,-15.4743275022147
0.463441708916104,-1.22878179047751
2.61991681255106,-14.5890892058836
1.54221453506624,-5.04921844240163
